{"1": [-13.6057, -13.6057, 2.2, 1.0, 1.0, 0.0, 0.0, 0.0, 0.0, 0.0, 0.0, 1.0, 1.0, 0.25, 1.1, 1.00794], "2": [-23.4154, -23.4154, 0.0, 0.0, 2.0, 0.0, 0.0, 0.0, 0.0, 0.0, 0.0, 0.0, 2.0, 0, 1.4, 4.002602], "3": [-5.4953, -5.4953, 0.98, 1.0, 1.0, 0.0, 0.0, 0.0, 0.0, 0.0, 0.0, 1.0, 1.0, 1.45, 1.82, 6.941], "4": [-8.1797, -8.1797, 1.57, 0.0, 2.0, 0.0, 0.0, 0.0, 0.0, 0.0, 0.0, 0.0, 2.0, 1.05, 1.53, 9.012182], "5": [-12.5703, -6.6641, 2.04, 5.0, 3.0, 0.0, 0.0, 0.0, 0.0, 5.0, 1.0, 0.0, 2.0, 0.85, 1.92, 10.811], "6": [-17.5446, -8.9839, 2.55, 4.0, 4.0, 0.0, 0.0, 0.0, 0.0, 4.0, 2.0, 0.0, 2.0, 0.7, 1.7, 12.0107], "7": [-23.0739, -11.49, 3.04, 3.0, 5.0, 0.0, 0.0, 0.0, 0.0, 3.0, 3.0, 0.0, 2.0, 0.65, 1.55, 14.0067], "8": [-29.1706, -14.1621, 3.44, 2.0, 6.0, 0.0, 0.0, 0.0, 0.0, 2.0, 4.0, 0.0, 2.0, 0.6, 1.52, 15.9994], "9": [-35.8496, -17.0098, 3.98, 1.0, 7.0, 0.0, 0.0, 0.0, 0.0, 1.0, 5.0, 0.0, 2.0, 0.5, 1.47, 18.9984032], "10": [-20.014, -20.014, 0.0, 0.0, 8.0, 0.0, 0.0, 0.0, 0.0, 0.0, 6.0, 0.0, 2.0, 0, 1.54, 20.1797], "11": [-5.1389, -5.1389, 0.93, 1.0, 1.0, 0.0, 0.0, 0.0, 0.0, 0.0, 0.0, 1.0, 1.0, 1.8, 2.27, 22.98976928], "12": [-6.8723, -6.8723, 1.31, 0.0, 2.0, 0.0, 0.0, 0.0, 0.0, 0.0, 0.0, 0.0, 2.0, 1.5, 1.73, 24.305], "13": [-10.1294, -4.8735, 1.61, 5.0, 3.0, 0.0, 0.0, 0.0, 0.0, 5.0, 1.0, 0.0, 2.0, 1.25, 1.84, 26.9815386], "14": [-13.5717, -6.5334, 1.9, 4.0, 4.0, 0.0, 0.0, 0.0, 0.0, 4.0, 2.0, 0.0, 2.0, 1.1, 2.1, 28.0855], "15": [-17.1269, -8.3525, 2.19, 3.0, 5.0, 0.0, 0.0, 0.0, 0.0, 3.0, 3.0, 0.0, 2.0, 1.0, 1.8, 30.973762], "16": [-20.8167, -10.2886, 2.58, 2.0, 6.0, 0.0, 0.0, 0.0, 0.0, 2.0, 4.0, 0.0, 2.0, 1.0, 1.8, 32.065], "17": [-24.6589, -12.3363, 3.16, 1.0, 7.0, 0.0, 0.0, 0.0, 0.0, 1.0, 5.0, 0.0, 2.0, 1.0, 1.75, 35.453], "18": [-28.6645, -14.4942, 0.0, 0.0, 8.0, 0.0, 0.0, 0.0, 0.0, 0.0, 6.0, 0.0, 2.0, 0.71, 1.88, 39.948], "19": [-23.576, 0.0, 0.82, 1.0, 1.0, 0.0, 0.0, 0.0, 0.0, 0.0, 0.0, 1.0, 1.0, 2.2, 2.75, 39.0983], "20": [-33.7734, 0.0, 1.0, 0.0, 2.0, 0.0, 0.0, 0.0, 0.0, 0.0, 0.0, 0.0, 2.0, 1.8, 2.31, 40.078], "21": [-7.2219, -5.8627, 1.36, 9.0, 3.0, 9.0, 1.0, 0.0, 0.0, 0.0, 0.0, 0.0, 2.0, 1.6, 2.15, 44.955912], "22": [-8.543, -6.2287, 1.54, 8.0, 4.0, 8.0, 2.0, 0.0, 0.0, 0.0, 0.0, 0.0, 2.0, 1.4, 2.11, 47.867], "23": [-9.773, -6.5565, 1.63, 7.0, 5.0, 7.0, 3.0, 0.0, 0.0, 0.0, 0.0, 0.0, 2.0, 1.35, 2.07, 50.9415], "24": [-6.5157, -5.8668, 1.66, 6.0, 6.0, 5.0, 5.0, 0.0, 0.0, 0.0, 0.0, 1.0, 1.0, 1.4, 2.06, 51.9961], "25": [-12.0532, -7.1471, 1.55, 5.0, 7.0, 5.0, 5.0, 0.0, 0.0, 0.0, 0.0, 0.0, 2.0, 1.4, 2.05, 54.938045], "26": [-13.0955, -7.4165, 1.83, 4.0, 8.0, 4.0, 6.0, 0.0, 0.0, 0.0, 0.0, 0.0, 2.0, 1.4, 2.04, 55.845], "27": [-14.1703, -7.6831, 1.88, 3.0, 9.0, 3.0, 7.0, 0.0, 0.0, 0.0, 0.0, 0.0, 2.0, 1.35, 2.0, 58.933195], "28": [-15.1718, -7.9335, 1.91, 2.0, 10.0, 2.0, 8.0, 0.0, 0.0, 0.0, 0.0, 0.0, 2.0, 1.35, 1.97, 58.6934], "29": [-10.1104, -6.9267, 1.9, 1.0, 11.0, 0.0, 10.0, 0.0, 0.0, 0.0, 0.0, 1.0, 1.0, 1.35, 1.96, 63.546], "30": [-17.1187, -8.4151, 1.65, 0.0, 12.0, 0.0, 10.0, 0.0, 0.0, 0.0, 0.0, 0.0, 2.0, 1.35, 2.01, 65.409], "31": [-27.7556, -4.9239, 1.81, 5.0, 13.0, 0.0, 10.0, 0.0, 0.0, 5.0, 1.0, 0.0, 2.0, 1.3, 1.87, 69.723], "32": [-14.3826, -6.3716, 2.01, 4.0, 14.0, 0.0, 10.0, 0.0, 0.0, 4.0, 2.0, 0.0, 2.0, 1.25, 2.11, 72.64], "33": [-17.3527, -7.9267, 2.18, 3.0, 15.0, 0.0, 10.0, 0.0, 0.0, 3.0, 3.0, 0.0, 2.0, 1.15, 1.85, 74.9216], "34": [-20.3446, -9.5444, 2.55, 2.0, 16.0, 0.0, 10.0, 0.0, 0.0, 2.0, 4.0, 0.0, 2.0, 1.15, 1.9, 78.96], "35": [-23.3814, -11.2206, 2.96, 1.0, 17.0, 0.0, 10.0, 0.0, 0.0, 1.0, 5.0, 0.0, 2.0, 1.15, 1.85, 79.904], "36": [-26.4713, -12.9512, 3.0, 0.0, 18.0, 0.0, 10.0, 0.0, 0.0, 0.0, 6.0, 0.0, 2.0, 0, 2.02, 83.798], "37": [-35.5435, -3.9525, 0.82, 1.0, 1.0, 0.0, 0.0, 0.0, 0.0, 0.0, 0.0, 1.0, 1.0, 2.35, 3.03, 85.4678], "38": [-27.689, -5.0096, 0.95, 0.0, 2.0, 0.0, 0.0, 0.0, 0.0, 0.0, 0.0, 0.0, 2.0, 2.0, 2.49, 87.62], "39": [-32.557, -5.5361, 1.22, 9.0, 3.0, 9.0, 1.0, 0.0, 0.0, 0.0, 0.0, 0.0, 2.0, 1.8, 2.32, 88.90585], "40": [-7.0191, -5.9307, 1.33, 8.0, 4.0, 8.0, 2.0, 0.0, 0.0, 0.0, 0.0, 0.0, 2.0, 1.55, 2.23, 91.224], "41": [-6.0927, -5.4681, 1.6, 7.0, 5.0, 6.0, 4.0, 0.0, 0.0, 0.0, 0.0, 1.0, 1.0, 1.45, 2.18, 92.90638], "42": [-7.158, -5.6722, 2.16, 6.0, 6.0, 5.0, 5.0, 0.0, 0.0, 0.0, 0.0, 1.0, 1.0, 1.45, 2.17, 95.94], "43": [-11.2369, -6.7756, 1.9, 5.0, 7.0, 5.0, 5.0, 0.0, 0.0, 0.0, 0.0, 0.0, 2.0, 1.35, 2.16, 98.0], "44": [-9.3294, -6.0191, 2.2, 4.0, 8.0, 3.0, 7.0, 0.0, 0.0, 0.0, 0.0, 1.0, 1.0, 1.3, 2.13, 101.07], "45": [-10.4261, -6.1675, 2.28, 3.0, 9.0, 2.0, 8.0, 0.0, 0.0, 0.0, 0.0, 1.0, 1.0, 1.35, 2.1, 102.9055], "46": [-7.9743, 0.0, 2.2, 0.0, 10.0, 0.0, 10.0, 0.0, 0.0, 0.0, 0.0, 0.0, 0.0, 1.4, 2.1, 106.42], "47": [-12.6533, -6.4273, 1.93, 1.0, 11.0, 0.0, 10.0, 0.0, 0.0, 0.0, 0.0, 1.0, 1.0, 1.6, 2.11, 107.8682], "48": [-18.2847, -7.7144, 1.69, 0.0, 12.0, 0.0, 10.0, 0.0, 0.0, 0.0, 0.0, 0.0, 2.0, 1.55, 2.18, 112.411], "49": [-26.2168, -4.6967, 1.78, 5.0, 13.0, 0.0, 10.0, 0.0, 0.0, 5.0, 1.0, 0.0, 2.0, 1.55, 1.93, 114.818], "50": [-34.3707, -5.9457, 1.96, 4.0, 14.0, 0.0, 10.0, 0.0, 0.0, 4.0, 2.0, 0.0, 2.0, 1.45, 2.17, 118.71], "51": [-14.8275, -7.2613, 2.05, 3.0, 15.0, 0.0, 10.0, 0.0, 0.0, 3.0, 3.0, 0.0, 2.0, 1.45, 2.06, 121.76], "52": [-17.135, -8.6097, 2.1, 2.0, 16.0, 0.0, 10.0, 0.0, 0.0, 2.0, 4.0, 0.0, 2.0, 1.4, 2.06, 127.6], "53": [-19.4507, -9.988, 2.66, 1.0, 17.0, 0.0, 10.0, 0.0, 0.0, 1.0, 5.0, 0.0, 2.0, 1.4, 1.98, 126.90447], "54": [-21.7745, -11.3853, 2.6, 0.0, 18.0, 0.0, 10.0, 0.0, 0.0, 0.0, 6.0, 0.0, 2.0, 0, 2.16, 131.293], "55": [-28.8264, 0.0, 0.79, 1.0, 1.0, 0.0, 0.0, 0.0, 0.0, 0.0, 0.0, 1.0, 1.0, 2.6, 3.43, 132.9054519], "56": [-35.9095, 0.0, 0.89, 0.0, 2.0, 0.0, 0.0, 0.0, 0.0, 0.0, 0.0, 0.0, 2.0, 2.15, 2.68, 137.327], "57": [-26.3569, -4.8667, 1.1, 9.0, 3.0, 9.0, 1.0, 0.0, 0.0, 0.0, 0.0, 0.0, 2.0, 1.95, 2.43, 138.90547], "58": [-24.346, 0.0, 1.12, 22.0, 4.0, 9.0, 1.0, 13.0, 1.0, 0.0, 0.0, 0.0, 2.0, 1.85, 2.42, 140.116], "59": [-24.9964, 0.0, 1.13, 11.0, 5.0, 0.0, 0.0, 11.0, 3.0, 0.0, 0.0, 0.0, 2.0, 1.85, 2.4, 140.90765], "60": [-25.5977, 0.0, 1.14, 10.0, 6.0, 0.0, 0.0, 10.0, 4.0, 0.0, 0.0, 0.0, 2.0, 1.85, 2.39, 144.242], "61": [-26.1896, 0.0, 1.13, 9.0, 7.0, 0.0, 0.0, 9.0, 5.0, 0.0, 0.0, 0.0, 2.0, 1.85, 2.38, 145.0], "62": [-26.7488, 0.0, 1.17, 8.0, 8.0, 0.0, 0.0, 8.0, 6.0, 0.0, 0.0, 0.0, 2.0, 1.85, 2.36, 150.36], "63": [-27.2889, 0.0, 1.2, 7.0, 9.0, 0.0, 0.0, 7.0, 7.0, 0.0, 0.0, 0.0, 2.0, 1.85, 2.35, 151.964], "64": [-30.8754, -5.2763, 1.2, 16.0, 10.0, 9.0, 1.0, 7.0, 7.0, 0.0, 0.0, 0.0, 2.0, 1.8, 2.34, 157.25], "65": [-28.3257, 0.0, 1.1, 5.0, 11.0, 0.0, 0.0, 5.0, 9.0, 0.0, 0.0, 0.0, 2.0, 1.75, 2.33, 158.92535], "66": [-28.8291, 0.0, 1.22, 4.0, 12.0, 0.0, 0.0, 4.0, 10.0, 0.0, 0.0, 0.0, 2.0, 1.75, 2.31, 162.5], "67": [-29.304, 0.0, 1.23, 3.0, 13.0, 0.0, 0.0, 3.0, 11.0, 0.0, 0.0, 0.0, 2.0, 1.75, 2.3, 164.93032], "68": [-29.8074, 0.0, 1.24, 2.0, 14.0, 0.0, 0.0, 2.0, 12.0, 0.0, 0.0, 0.0, 2.0, 1.75, 2.29, 167.259], "69": [-30.27, 0.0, 1.25, 1.0, 15.0, 0.0, 0.0, 1.0, 13.0, 0.0, 0.0, 0.0, 2.0, 1.75, 2.27, 168.93421], "70": [-30.7652, 0.0, 1.1, 0.0, 16.0, 0.0, 0.0, 0.0, 14.0, 0.0, 0.0, 0.0, 2.0, 1.75, 2.26, 173.04], "71": [-34.8143, -5.313, 1.27, 9.0, 17.0, 9.0, 1.0, 0.0, 14.0, 0.0, 0.0, 0.0, 2.0, 1.75, 2.24, 174.967], "72": [-33.7679, -6.0368, 1.3, 8.0, 18.0, 8.0, 2.0, 0.0, 14.0, 0.0, 0.0, 0.0, 2.0, 1.55, 2.23, 178.49], "73": [-7.9933, -6.3457, 1.5, 7.0, 19.0, 7.0, 3.0, 0.0, 14.0, 0.0, 0.0, 0.0, 2.0, 1.45, 2.22, 180.94788], "74": [-9.3077, 0.0, 2.36, 6.0, 20.0, 6.0, 4.0, 0.0, 14.0, 0.0, 0.0, 0.0, 2.0, 1.35, 2.18, 183.84], "75": [-10.6206, 0.0, 1.9, 5.0, 21.0, 5.0, 5.0, 0.0, 14.0, 0.0, 0.0, 0.0, 2.0, 1.35, 2.16, 186.207], "76": [-11.9336, 0.0, 2.2, 4.0, 22.0, 4.0, 6.0, 0.0, 14.0, 0.0, 0.0, 0.0, 2.0, 1.3, 2.16, 190.23], "77": [-13.2588, 0.0, 2.2, 3.0, 23.0, 3.0, 7.0, 0.0, 14.0, 0.0, 0.0, 0.0, 2.0, 1.35, 2.13, 192.217], "78": [-11.3921, 0.0, 2.28, 2.0, 24.0, 1.0, 9.0, 0.0, 14.0, 0.0, 0.0, 1.0, 1.0, 1.35, 2.13, 195.084],